{"cameraMode":{"drawMode":0,"name":"Shaded","section":"Shading Mode"},"sceneLighting":false,"audioPlay":false,"sceneViewState":{"showFog":true,"showMaterialUpdate":false,"showSkybox":true,"showFlares":true,"showImageEffects":true,"showParticleSystems":true},"in2DMode":false,"pivot":{"x":0.34893131256103518,"y":3.0245370864868166,"z":-9.265814781188965},"rotation":{"x":-0.14666421711444856,"y":0.7012839317321777,"z":-0.15064910054206849,"w":-0.6813371181488037},"size":28.807811737060548,"orthographic":false}